{
  "Ansi 0 Color" : {
    "Green Component" : 0.011764705882352941,
    "Blue Component" : 0,
    "Red Component" : 0.035294117647058823
  },
  "Tags" : [

  ],
  "Ansi 12 Color" : {
    "Green Component" : 0.49019607843137253,
    "Blue Component" : 0.48627450980392156,
    "Red Component" : 0.50196078431372548
  },
  "Use Non-ASCII Font" : false,
  "Draw Powerline Glyphs" : true,
  "Bold Color" : {
    "Green Component" : 0.63529411764705879,
    "Blue Component" : 0.63529411764705879,
    "Red Component" : 0.6470588235294118
  },
  "Has Hotkey" : false,
  "Normal Font" : "FiraCodeNerdFontComplete-Regular 14.5",
  "Ansi 6 Color" : {
    "Green Component" : 0.89411764705882357,
    "Blue Component" : 0.95686274509803926,
    "Red Component" : 0.70980392156862748
  },
  "Rows" : 30,
  "Default Bookmark" : "No",
  "Link Color" : {
    "Red Component" : 0,
    "Color Space" : "sRGB",
    "Blue Component" : 0.73422706127166748,
    "Alpha Component" : 1,
    "Green Component" : 0.35915294289588928
  },
  "Horizontal Spacing" : 1,
  "Cursor Guide Color" : {
    "Red Component" : 0.70214027166366577,
    "Color Space" : "sRGB",
    "Blue Component" : 1,
    "Alpha Component" : 0.25,
    "Green Component" : 0.92681378126144409
  },
  "Non-ASCII Anti Aliased" : true,
  "Use Bright Bold" : true,
  "Ansi 10 Color" : {
    "Green Component" : 0.20392156862745098,
    "Blue Component" : 0.19607843137254902,
    "Red Component" : 0.22745098039215686
  },
  "Ambiguous Double Width" : false,
  "Jobs to Ignore" : [
    "rlogin",
    "ssh",
    "slogin",
    "telnet"
  ],
  "Ansi 15 Color" : {
    "Green Component" : 0.96862745098039216,
    "Blue Component" : 0.96862745098039216,
    "Red Component" : 0.96862745098039216
  },
  "Foreground Color" : {
    "Green Component" : 0.63529411764705879,
    "Blue Component" : 0.63529411764705879,
    "Red Component" : 0.6470588235294118
  },
  "Bound Hosts" : [

  ],
  "Working Directory" : "\/Users\/arsenyegorov",
  "Blinking Cursor" : true,
  "Disable Window Resizing" : true,
  "Sync Title" : false,
  "Prompt Before Closing 2" : false,
  "BM Growl" : true,
  "Command" : "",
  "Description" : "Default",
  "Mouse Reporting" : true,
  "Screen" : -1,
  "Selection Color" : {
    "Green Component" : 0.27058823529411763,
    "Blue Component" : 0.2627450980392157,
    "Red Component" : 0.29019607843137257
  },
  "Columns" : 120,
  "Idle Code" : 0,
  "Ansi 13 Color" : {
    "Green Component" : 0.83529411764705885,
    "Blue Component" : 0.83137254901960789,
    "Red Component" : 0.83921568627450982
  },
  "Custom Command" : "No",
  "ASCII Anti Aliased" : true,
  "Non Ascii Font" : "Monaco 12",
  "Vertical Spacing" : 1,
  "Use Bold Font" : true,
  "Option Key Sends" : 0,
  "Selected Text Color" : {
    "Green Component" : 0.63529411764705879,
    "Blue Component" : 0.63529411764705879,
    "Red Component" : 0.6470588235294118
  },
  "Background Color" : {
    "Green Component" : 0.011764705882352941,
    "Blue Component" : 0,
    "Red Component" : 0.035294117647058823
  },
  "Character Encoding" : 4,
  "Ansi 11 Color" : {
    "Green Component" : 0.27058823529411763,
    "Blue Component" : 0.2627450980392157,
    "Red Component" : 0.29019607843137257
  },
  "Use Italic Font" : true,
  "Unlimited Scrollback" : false,
  "Keyboard Map" : {
    "0xf700-0x260000" : {
      "Action" : 10,
      "Text" : "[1;6A"
    },
    "0x37-0x40000" : {
      "Action" : 11,
      "Text" : "0x1f"
    },
    "0x32-0x40000" : {
      "Action" : 11,
      "Text" : "0x00"
    },
    "0xf709-0x20000" : {
      "Action" : 10,
      "Text" : "[17;2~"
    },
    "0xf70c-0x20000" : {
      "Action" : 10,
      "Text" : "[20;2~"
    },
    "0xf729-0x20000" : {
      "Action" : 10,
      "Text" : "[1;2H"
    },
    "0xf72b-0x40000" : {
      "Action" : 10,
      "Text" : "[1;5F"
    },
    "0xf705-0x20000" : {
      "Action" : 10,
      "Text" : "[1;2Q"
    },
    "0xf703-0x260000" : {
      "Action" : 10,
      "Text" : "[1;6C"
    },
    "0xf700-0x220000" : {
      "Action" : 10,
      "Text" : "[1;2A"
    },
    "0xf701-0x280000" : {
      "Action" : 11,
      "Text" : "0x1b 0x1b 0x5b 0x42"
    },
    "0x38-0x40000" : {
      "Action" : 11,
      "Text" : "0x7f"
    },
    "0x33-0x40000" : {
      "Action" : 11,
      "Text" : "0x1b"
    },
    "0xf703-0x220000" : {
      "Action" : 10,
      "Text" : "[1;2C"
    },
    "0xf701-0x240000" : {
      "Action" : 10,
      "Text" : "[1;5B"
    },
    "0xf70d-0x20000" : {
      "Action" : 10,
      "Text" : "[21;2~"
    },
    "0xf702-0x260000" : {
      "Action" : 10,
      "Text" : "[1;6D"
    },
    "0xf729-0x40000" : {
      "Action" : 10,
      "Text" : "[1;5H"
    },
    "0xf706-0x20000" : {
      "Action" : 10,
      "Text" : "[1;2R"
    },
    "0x34-0x40000" : {
      "Action" : 11,
      "Text" : "0x1c"
    },
    "0xf700-0x280000" : {
      "Action" : 11,
      "Text" : "0x1b 0x1b 0x5b 0x41"
    },
    "0x2d-0x40000" : {
      "Action" : 11,
      "Text" : "0x1f"
    },
    "0xf70e-0x20000" : {
      "Action" : 10,
      "Text" : "[23;2~"
    },
    "0xf702-0x220000" : {
      "Action" : 10,
      "Text" : "[1;2D"
    },
    "0xf703-0x280000" : {
      "Action" : 11,
      "Text" : "0x1b 0x1b 0x5b 0x43"
    },
    "0xf700-0x240000" : {
      "Action" : 10,
      "Text" : "[1;5A"
    },
    "0xf707-0x20000" : {
      "Action" : 10,
      "Text" : "[1;2S"
    },
    "0xf70a-0x20000" : {
      "Action" : 10,
      "Text" : "[18;2~"
    },
    "0x35-0x40000" : {
      "Action" : 11,
      "Text" : "0x1d"
    },
    "0xf70f-0x20000" : {
      "Action" : 10,
      "Text" : "[24;2~"
    },
    "0xf703-0x240000" : {
      "Action" : 10,
      "Text" : "[1;5C"
    },
    "0xf701-0x260000" : {
      "Action" : 10,
      "Text" : "[1;6B"
    },
    "0xf702-0x280000" : {
      "Action" : 11,
      "Text" : "0x1b 0x1b 0x5b 0x44"
    },
    "0xf72b-0x20000" : {
      "Action" : 10,
      "Text" : "[1;2F"
    },
    "0x36-0x40000" : {
      "Action" : 11,
      "Text" : "0x1e"
    },
    "0xf708-0x20000" : {
      "Action" : 10,
      "Text" : "[15;2~"
    },
    "0xf701-0x220000" : {
      "Action" : 10,
      "Text" : "[1;2B"
    },
    "0xf70b-0x20000" : {
      "Action" : 10,
      "Text" : "[19;2~"
    },
    "0xf702-0x240000" : {
      "Action" : 10,
      "Text" : "[1;5D"
    },
    "0xf704-0x20000" : {
      "Action" : 10,
      "Text" : "[1;2P"
    }
  },
  "Window Type" : 0,
  "Cursor Type" : 1,
  "Background Image Location" : "",
  "Blur" : false,
  "Badge Color" : {
    "Red Component" : 1,
    "Color Space" : "sRGB",
    "Blue Component" : 0,
    "Alpha Component" : 0.5,
    "Green Component" : 0.14910030364990234
  },
  "Scrollback Lines" : 1000,
  "Send Code When Idle" : false,
  "Close Sessions On End" : true,
  "Terminal Type" : "xterm-256color",
  "Visual Bell" : true,
  "Flashing Bell" : false,
  "Silence Bell" : true,
  "Ansi 14 Color" : {
    "Green Component" : 0.6705882352941176,
    "Blue Component" : 0.32549019607843138,
    "Red Component" : 0.80392156862745101
  },
  "ASCII Ligatures" : true,
  "Name" : "iterm2-profile",
  "Cursor Text Color" : {
    "Green Component" : 0.011764705882352941,
    "Blue Component" : 0,
    "Red Component" : 0.035294117647058823
  },
  "Shortcut" : "",
  "Cursor Color" : {
    "Green Component" : 0.63529411764705879,
    "Blue Component" : 0.63529411764705879,
    "Red Component" : 0.6470588235294118
  },
  "Transparency" : 0,
  "Ansi 1 Color" : {
    "Green Component" : 0.17647058823529413,
    "Blue Component" : 0.12549019607843137,
    "Red Component" : 0.85882352941176465
  },
  "Ansi 2 Color" : {
    "Green Component" : 0.63529411764705879,
    "Blue Component" : 0.32156862745098042,
    "Red Component" : 0.0039215686274509803
  },
  "Custom Directory" : "No",
  "Ansi 4 Color" : {
    "Green Component" : 0.62745098039215685,
    "Blue Component" : 0.89411764705882357,
    "Red Component" : 0.0039215686274509803
  },